id,clean_text,sentimen
1,baca baca dalam ikn ilustrasi jaman kabupaten kasih kemarin kendala lokasi mewah paser terima tinggal,negatif
2,cabang dinasti dinasti dukung dukung ikn jilat kaya kelas lawas masyarakat tau versi,positif
3,cermin identitas ikn indonesia kota maju nasional satu semangat simbol,positif
4,bas ikn kota lanjut lingkung orientasi pintar ramah rancang teknologi,negatif
5,bahan bangun hidup ikn jasa juta kerja lokal makan pasok proyek rantai serap tenaga,negatif
6,buka cipta ekonomi energi gerak hijau ikn investasi konstruksi nusantara peluang pusat teknologi tumbuh unggul,negatif
7,bangun bangun dorong ekonomi ikn indonesia langkah nusantara perata pulau pusat sebar strategis timur wilayah,negatif
8,aktivitas bersih ikn komentar kondusif olahraga rektor udara,negatif
9,barat berani berani bolak cek dukung ikn jamin langit magis materi pindah puan sakral selatan silah spiritual timur tuan ujung urus utara,positif
10,gaya hujan ikn jalan kerja nyata wacana,negatif
11,bangga bentuk ikn ikn ikn otoritas otoritas,negatif
12,catat dunia gudang hukum ijazah ikn korup mas mati mobil presiden,negatif
13,bangsa bangun basis belah bijak cepat dasar dasar gaya ikn ilmu ilmu ilmu impor jalan kereta satu satu tahu tahu tahu tambang tol urus,negatif
14,hilang ikn kalo kerja kurir malas nada semenjak tahan tanjung,negatif
15,batas contoh gagal gatot hilang hisab ikn malu masalah mobil pimpin presiden total,negatif
16,adat bangga bangun bilang coba dampak hati ikn kasi kena manfaat manfaat marah masyarakat pinggir rumah sakit situ situ tinggal,negatif
17,ama hina hina ikn investor kabinet merdeka negeri negeri orang ratus,negatif
18,anak bani ikn kondisi nang wabah,negatif
19,bawa buang ikn,negatif
20,hutan hutang ikn indah jalan kalo kaya kena kurang milik mobil negara nusantara ribu saham tipu,positif
21,adat bangun baru cemar dengar ijazah ikn kaya keruk kroni narasi negara negeri proyek rakyat satu suara tambang tanah ubah,negatif
22,ikn ilegal juta laut mana mana mana mana mana nikel oplos pagar rugi serobot tanah ton,negatif
23,atas banjir drastis hutang ikn jabat mudah negara presiden tinggal triliun,negatif
24,laksana proses terbit,negatif
25,ikn kampung relokasi,negatif
26,ikn kena tanah terbit tri,negatif
27,antek asing ikn kritik saking,negatif
28,ikn keluarga suruh tinggal,negatif
29,ikn infrastruktur kait kaji kesiap komisi pindah,negatif
30,anggar bangun ikn infrastruktur investasi istana jalan kantor kendala konstruksi lambat negara presiden proyek relokasi triliun triliun,negatif
31,berita gada ikn,negatif
32,buat ikn indonesia maju mantap,positif
33,ikn kabupaten rombong,negatif
34,burung garuda garuda garuda ikn ikon kepala kepala log maklum orang orang partai patung penggal,negatif
35,bidik harap ikn itu itu kalo kau korban mana manusia marah marak pagi sembuh suka sumber teh tos,negatif
36,aktivitas aktivitas hidup ibukota ikn ikn kerja ramai sana sia sia video,negatif
37,ikn indonesia kota republik,negatif
38,biar ikn jaga kurung lolos suruh suruh tugu,negatif
39,badan bilang doang gede gemuk ikn ikn ikn investor kabinet kebo kek kek kerempeng pes,negatif
40,berantas bijak cepat deregulasi ekspor hasil ikn investasi judi kota nasional negara oleh polusi tanah tangan tangan tingkat udara,negatif
41,alias anjing anjing doang emang ikn otoritas terna tobat,negatif
42,agustus arogan ikn pindah rakyat tuju,negatif
43,agustus aneh banget bangun bangun ikn ikn jangka keburu ngebet orang pindah rasional tahap,negatif
44,bohong bohong ikn investor lupa mobil rakyat,negatif
45,anak bandara bobrok didik gunung ikn indeks jeblok katrol lesu malu nasional negeri nilai presiden prestasi rupiah tukar utang,negatif
46,bakar bakat barak ikn istana kantor negara polisi tentara,negatif
47,ente ikn kerja pegang,negatif
48,bancak duit ikn kubur megaproyek megaproyek negara tuju,negatif
49,bohong ikn janji publik,negatif
50,bangun beres ikn mata negeri,negatif
51,anak asli asli biar bohong emang hukum ijazah ijazah ikn indonesia investor kalo kantong liat obat proses rakyat ratus silah tipu tipu tipu tukang tukang,negatif
52,ikn investor juntrung ribu,negatif
53,ahli bangun ikn indonesia investasi investasi investor jabat kenal kota menteri nusantara piawai proyek strategis tarik tarik,negatif
54,bangsa buat harga harga ikn langsung main main makzul nasib negara negara pindah rakyat tugas,negatif
55,bangsa bek guru ibukota ikn jadi kirim main main mau nasib pelosok rakyat senang tanggung tinggal,negatif
56,anak bangsa bangsa bangun bapak harga ibukota ikn ikn main nasib nun ogah pindah rakyat,negatif
57,bohong ikn kelok rumit,negatif
58,ecek ecek ikn tutup,negatif
59,ikn investor mobil nyata percaya tipu ucap,negatif
60,bahas beliau ekonomi ikn investor lari lemah merosot mesti rupiah sekian,negatif
61,ikn kutu tolol,negatif
62,antri bangun bangun bohong bohong dana ijazah ikn ikn ikn investor palsu politik politik rakyat ratus stadion tipu,negatif
63,akar bagus biar diabetes hutan iblis ikn kalo khasiat kudu malaria obat senter tanam,positif
64,ikn investor jabat kantong minat mobil percaya periode pesan tipu unit,negatif
65,ekonomi ikn indonesia pusat,negatif
66,bin daftar ikn ikn juni lamban pegawai pegawai pindah pindah pindah sayang,negatif
67,bangun bapak duit hasil ikn tanjak turun,negatif
68,bahas bijak bukti cipta dukung ikn jujur kritik maju perintah proyek rancang selesai tuduh,positif
69,beda ikn ken tanah,negatif
70,ada anggar hadap hut ikn indonesia istana kantor kota maju negara pegawai pindah potong proyek proyek raya rumah selesai timur,positif
71,emang ikn internasional prostitusi rencana tau,negatif
72,dampak debat ikn ikn isu kerja konstruksi lapor platform prostitusi rancang razia skala tangan tantang target,negatif
73,abdi ikn ikn kantor kantor lonte negara sarang swasta tahu untuk,negatif
74,anjing bayang demo gerombol ikn isi jabat jabat jaga jahat jilat kaya kesana korup kuat lingkar markas oligarki pangkat setan setia,negatif
75,ikn janji kerja orang sabar selesai urus,negatif
76,agustus asli bubar capai capai ikn otoritas proyek target tri uang video,negatif
77,bain ikn kembung mati,negatif
78,alokasi anggar asli bangun bangun fase ikn ikn kota nyata pindah progres promosi sesuai tampil triliun triliun video,negatif
79,daerah ikn istana,negatif
80,ikn kontol konyol nama perilaku tipu,negatif
81,bangga hati ikn indonesia kecuali rakyat sakit,negatif
82,bangga bangun beliau cita gaya ikn ikut janji kantong lanjut lanjut limpah mobil prestasi produksi puja rakyat salip sampek tiga,negatif
83,bangun duit ikn lupa,negatif
84,alas bal ikn indonesia jalan jelang lawan,negatif
85,diri ikn jabat sok,negatif
86,ikn putra putri ubah,negatif
87,berita buka cek efisiensi ikn kepala rapat tambah,negatif
88,antri asing ekonomi halusinasi ikn investor kantong masuk roket sibuk triliun,negatif
89,ikn kaya kocak liat,negatif
90,antri atas atas banjir banjir banjir habis ikn ikn investor jabat lengser mudah pindah pindah pres,negatif
91,ikn kak titik,negatif
92,bangun bidang daerah depan doang gedung ikn lari mah meta pacu pengin pilih rencana sipil struktur teknik tinggal transportasi,negatif
93,duit gas gas ikn indonesia kerja kotok lanjut lapang makmur malu negara papa pilih rakyat terang,negatif
94,abdi banget cepat dana ikn kereta kuasa oligarki rugi saran sasar tekor tekor,negatif
95,akh awas bangun dukung eksekutif ikn kuat point rakyat sepele tugas uang,positif
96,antri ikn investor,negatif
97,bibit hutan ikn indonesia kota nyata pohon ribu tanam wujud,negatif
98,baju contoh gagal hambur hasil ikn kaos kerja lempar mobil presiden rakyat remeh suka triliun uang,negatif
99,batal cabut ikn investor investor klarifikasi otak pabrik ratus rebut,negatif
100,bandara ikn logistik pusat topang,negatif
101,huni ikn jamin pindah tahap tampung,negatif
102,ajar bangun beda beda dek hitung ikn kerja liat lowong negara negeri satu satu sertifikasi sipil susah teknik,negatif
103,akun bebas butuh huni ikn nama sesuai,negatif
104,apa apa ganti gulung hasil ikn jadi jasa masalah presiden sanjung tikar usaha utang,negatif
105,aplikasi bagi bursa ikn pos singkir sumber tantang wajib,negatif
106,arab buat bukti ibukota ikn kecewa kota mewah modal rugi,negatif
107,anak capai ekonomi ikn impor investor jabat judul larang mobil rangkap terjun tipu tipu,negatif
108,bangun bangun ikn indonesia indonesia industri kah kembang teluk wajar wilayah wujud,negatif
109,agen biar gas ikn maksud melon,negatif
110,garuda ikn nirmala patung tapa ujung,negatif
111,ampas bangun beda berat cuman cuman dorong fanatik guling ham ikn koruptor langgar lapor lemah partner rakyat revisi tuju versi,negatif
112,antri bohong dana ekonomi ikn investor percaya puja roket triliun,negatif
113,ikn ikn interkoneksi kota kuat lengkap mitra nusantara peran strategis tekan wilayah,negatif
114,ganggu ikn mati rutin sono tawur tawur tawur,negatif
115,dua ikn jadi proyek tumbal,negatif
116,bilang ikn investor,negatif
117,agustus ikn rona,negatif
118,bawa ikn presiden promosi,negatif
119,baca biar biaya ikn mata otonom tanggung taruh terang trem,negatif
120,huni ikn pindah tahap tampung,negatif
121,bikin dana dunia ekonomi ikn minim pulih pulih rangkak,negatif
122,artikel baca bambang ikn kepala mundur,negatif
123,abai bangun ikn kelak sepele,negatif
124,bimbing catat dusta ikn investor nama prof rasyid salah sesuai skripsi tarik tokoh tulis tulis,negatif
125,alami bimbing hutang ikn jabat lonjak paksa pindah program prosedur signifikan signifikan tabrak,negatif
126,ikn jatuh rumah tolong,negatif
127,ikn iprit jin jin jin ketemu korup mana,negatif
128,dorong geopolitik ikn nusantara nusantara perintah siap terbit ubah,negatif
129,akademisi amat ambisi aspirasi bohong elite hendak ikn ikn indonesia kali luas mas pindah politik pribadi putus rakyat rakyat tuju,negatif
130,arus dagang dorong ikn nusantara wilayah,negatif
131,ikn kota pindah,negatif
132,baik belik birokrasi birokrasi bupati camat dana gubernur ikn ikn indonesia lewat pintu sanding sekolah sekolah sunat sunat tukang,positif
133,asing ikn investasi,negatif
134,arus dagang dorong ikn nusantara wilayah,negatif
135,bijak bobrok cepat gratis ikn ingkar jabat jabat janji janji kereta kuat lunas mas mobil nyata pakai utang,negatif
136,babat ego hutan ikn muas objek,negatif
137,ikn kota pindah,negatif
138,baik benjut burut ekonomi hanyut hasil ikn juta kerja lanjut murah nilai rakyat tukar utang,positif
139,dukung ikn nusantara,positif
140,dukung ikn nusantara,positif
141,dukung ikn nusantara,positif
142,dukung ikn nusantara,positif
143,bangsa ikn indah indonesia maju,positif
144,bangsa ikn indah indonesia maju,positif
145,bangsa ikn indah indonesia maju,positif
146,bangsa ikn indah indonesia maju,positif
147,alas bal ikn indonesia jalan jelang lawan,negatif
148,bapak ikn juta orang pribadi,negatif
149,anak asing bukti dalil ekonomi fakta hasil ikn impor investor juta kerja kerja lapang lapang menantu mobil over stop stop tumbuh utang,negatif
150,bangun detail global ikn internasional kampus sekolah taraf,negatif
151,alam amburadul bayar cebong duit efek ekonomi emang gada gada ikn ikn malu mana,negatif
152,dengar ikn investor,negatif
153,ikn modal nongol tanam,negatif
154,berani birit ikn kali kalo orang presiden,negatif
155,anggap bohong bohong cepat ikn kereta pakai pakai rakyat uang,negatif
156,duduk ikn ketiban pinggir rezeki sewa tahun tanah untung,negatif
157,babak bangun buka daya global harap ikn ikn indonesia indonesia maju negara nusantara nusantara saing sejarah,positif
158,alas daftar ikn khusus masuk tangan timur,negatif
159,ikn jiwa langsung sakit tempat,negatif
160,ikn kuat kucur proyek triliun,negatif
161,akses aplikasi bagi bank detik dunia gampang gandeng guncang hitung ikn pos raksasa sumber,negatif
162,antri asing halusinasi ikn investor kantong konyol masuk,negatif
163,bangun dana duit ikn relasi,negatif
164,angkat filosofi hut ikn logo luncur,negatif
165,gagal ikn produk,negatif
166,antri asing bilang bohong bukti cerdas dikit ikn investor nol ucap,negatif
167,dalam ikn jilat muncul,negatif
168,ikn konser tau,negatif
169,anak antre bilang ikn investor jahat klaim masuk politik tarik,negatif
170,ikn kacamata kacamata negara untung,negatif
171,ikn jejak kalo lihat media omong orang pesona rekam salut seliwer tarik,negatif
172,ikn iya jalan mas tukang unit,negatif
173,coba hasil ikn ikn juli juli kantor kantor seret,negatif
174,alamat gang ikn,negatif
175,bahas ikn mending,negatif
176,ekonomi harap ikn indonesia perata simbol,negatif
177,bahas gubris ikn kait libat merdeka opini pindah putar redaksi revisi suara tayang,negatif
178,bijak buah ikn prostitusi wajar,negatif
179,bangun garap ikn investor kota negara nusantara partisipasi proyek tarik,negatif
180,bangun garap ikn investor kota negara nusantara partisipasi proyek tarik,negatif
181,bacot bangun bikin bikin bikin bual buang buang gede ikn kerja khayal lema mangap mangap negara orang sok suka syahwat uang uang utang,negatif
182,asing bule darat ikn investor megah nan proyek turis,negatif
183,antre asing bandara bule darat dolar dompet gelontor ikn ikn impi investor janji kota manis nyata tebal turis,negatif
184,anggar batal biar biaya evaluasi hemat ikn sengaja tim,negatif
185,beda daerah ikn kilometer nol nol titik titik,negatif
186,enak enak ikn kerja setan tempel,negatif
187,dukung hanya ikn,positif
188,bantah contoh ikn indonesia jalan janji janji kembali mobil mu rakyat tipu tipu tuduh tukang,negatif
189,anak bohong ekonomi ikn investor palsu roket,negatif
190,laksana proses terbit,negatif
191,ambil angka bijak bikin didik ijazah ikn jujur kalo kerja motif paksa pimpin rakyat rendah sempat tekor tuju,negatif
192,antri asing asing bahas ikn ikn investor investor nongol pidato presiden yakin,negatif
193,ikn kejam kejam tiri,negatif
194,antri asing berani biaya bilang bohong ikn investasi menteri negara,negatif
195,bohong hantu hidup hidup ikn investor jabat kantong kendali kuasa tenang uang unit,negatif
196,bohong hantu hidup hidup ikn investor jabat kantong kendali kuasa tenang uang unit,negatif
197,anggur bonar doang ikn kali kena naga negara orang rakyat untung untung,negatif
198,anggar angka depan real,negatif
199,bangun didik gas gas gratis ikn makan oke oke rakyat,negatif
200,bohong hantu hidup hidup ikn investor jabat kantong kendali kuasa tenang uang unit,negatif
201,bikin gaduh ikn investor,negatif
202,bangun biar bos buka buntung burik fakta ikn jelang jilat jilat kalo mata pantat untung,negatif
203,bagus depan ikn indonesia pasti pikir,positif
204,ikn kelelawar patung siluman,negatif
205,atas bawah defisit fakta hasil hukum hutang ikn investor pakai pakai rakyat sepi tumpuk tumpul,negatif
206,bahan bangun barang bayar bayar berkah buruk dapat doa hasil ikn ikn ikn jujur kawasan maki malu orang orang rakyat sedih,negatif
207,buat gedung hebat ikn kau kau kau manusia negeri negeri rezim sok,positif
208,ikn inggris jajah lebih negara negara,negatif
209,ambisi gembos ikn mercu negara pribadi proyek restu suara uang ujung,negatif
210,bangun ikn stadion standar,negatif
211,bangun bangun ikn nasional nusantara perata wujud,negatif
212,alumni bacot bukti bukti got ikn jahat jahat kalo kerja masuk modal publik salah sungguh tuduh tunjuk zalim,negatif
213,belanda daulat ganti ikn indonesia merdeka milik negara negara pulau transmigran ungsi waspada,negatif
214,cocok cocok emang gedung ikn lihat,negatif
215,bang ikn ikn kalo kerja masuk mobil om produsen,negatif
216,ikn main semak transaksi,negatif
217,buka ikn kerja lapang,negatif
218,abad bebas gadai generasi ikn lagak lewat pahlawan ujung,negatif
219,akting atur batal batal hukum hukum ijazah ikn jabat jahat juta korban main milu palsu palsu palsu panik presiden produk produk rakyat rakyat ratus rugi rugi syarat,negatif
220,bukti ekonomi gin ikn ikn kantong kaya kereta lesat mobil percaya pes rel tukang unit,negatif
221,adil bohong bohong bohong delik hina ikn investor kait kantong periode produksi triliun,negatif
222,dana ijazah ikn investor tukang,negatif
223,bayar ikn kembali kembali kereta label mobil mobil nama rel utang,negatif
224,ekonomi ikn kabar mobil percaya,negatif
225,abah anak benci bukti busuk dasar dasar doang hati ikn jalan kalo kasih kaya orang tolol until,negatif
226,berangkat fasilitas gemerlap hibur ibukota ikn insentif kalo menteri pindah presiden sehat,negatif
227,anggap bagus buka cuman demokrasi ikn insan manusia sempat wayang,positif
228,atas bangun banjir bayar bola duit duit gampang ijazah ikn indonesia janji kelar lap lunas macet negeri palsu pas peduli presiden presiden,negatif
229,alokasi anggar dasar ikn info infrastruktur jalan kini perintah proyek relokasi selesai target triliun utama,negatif
230,buka ikn mata salah satu tolol,negatif
231,adil ikn korup sarat tipu tuntas usut,negatif
232,gigi ijazah ikn pas serampang teliti,negatif
233,dunia hati ikn kecuali,negatif
234,adil adil akhirat allah balas bangkrut dunia gusur hina ikn korban mandalika pabrik pimpin tipu,negatif
235,anak anggar biaya buka dampak gizi ikn industri investasi karya kerja kerja lapang latih makan padat pajak pasu sekolah tenaga tingkat,negatif
236,aspal bangun bijak cepat doang dua ikn itu jalan jalur kereta lebar lihat meter miris pulau sempit tol tol trans trans,negatif
237,bandara cepat ikn kereta konsumtif mandalika trans utang,negatif
238,direksi ikn komisaris larang tangkap via,negatif
239,gagal ikn ikn ikut imbas kembali kereta kereta kompas lolos nilai operasi otonom otonom rangkai rel retur transit uji,negatif
240,contoh heran ikn indonesia kerja mah melulu,negatif
241,bangun hadir ikn ikn markas rapat,negatif
242,aman bin bin dukung ikn ikn kantor kantor kantor kota modular penuh pindah tempat,positif
243,daerah ikn keramat sangga,negatif
244,arti asing bohong hina ikn investor mobil orang saku sen uang umbar,negatif
245,bina preman sak,negatif
246,banyak bayar biar bom gampang gizi ikn istana kas kontraktor lendir masuk negara otak otak perak rupiah tahun,negatif
247,hun ikn pindah,negatif
248,agama duit gaya ikn inti kantong legenda prasasti prasasti rakyat rakyat siksa,negatif
249,ikn kek tugu,negatif
250,duit habis ikn,negatif
251,biaya buat buat hina hina hina ikn ikn investor mem negara negara ratus,negatif
252,anggap ikn investasi investor tuan,negatif
253,bayang buah dana gagas ikn ikn konyol kota legasi paksa pindah pribadi proyek proyek rakyat sadar salah salah selesai sempurna situasi tolol,negatif
254,batas ikn jalan kaki,negatif
255,duit ikn tanah,negatif
256,ikn kampus mah,negatif
257,banding banding bijak bikin dampak dampak derita ikn lagak mu negara palsu rakyat rakyat rasa sengsara tinggal,negatif
258,ampe ayo bain bangun bawa cuman ikn karuan keluarga kesana om pindah sarang semangat utang,negatif
259,amburadul butuh gunung hilir hutang ikn ingat lupa nikel paksa rakyat salah tambang,negatif
260,aplikasi bagi belanja dapat hadiah ikn kartu luncur pakai pos sumber virtual visa,negatif
261,ikn kawasan marak prostitusi,negatif
262,anggar baik baik bangun bangun biaya butuh ikn kota miliar nusantara sekolah sekolah sekolah triliun,positif
263,bahan detik fakta henti ikn ikn salah total,negatif
264,asumsi ato baik duit ikn infrastruktur iya juta miliar negeri renovasi rusak sekolah sekolah sekolah triliun,positif
265,derita ikn investor jamur kabur korupsi lengkap negara negeri preman rajalela,negatif
266,adat air aktivis anggap bara batu buang budaya daerah desa hancur hancur hidup hilang ikn laut laut limbah pesisir sawai tekstur total ubah warna,negatif
267,bangun bayar bijak dampak efisiensi efisiensi henti honorer ikn jalan jatuh liat lintas menteri proyek putus tempo tengah tol tugas utang,negatif
268,amat bangsa bangun bebas dana ekonomi hancur ikn negara pengaruh politik selesai sosial,negatif
269,anak bohong bohong bohong bohong bohong jabat omong sembada swa tumbuh,negatif
270,duga huni ikn,negatif
271,ikn kota prostitusi,negatif
272,bagus bang bangun buka buka coba contoh ikn ken kota kota logis mana pikir resmi serius tau,positif
273,ikn kuat pedang rudal sar sinyal trisula,negatif
274,ikn kah kota loh mati,negatif
275,analisis dukung hati ikn moga senang tugas,positif
276,daerah jajar kabupaten mei najam paser polisi serta staf timur utara,negatif
277,ikn indonesia kampus,negatif
278,alamat bohong bohong demo ikn mobil salah solo,negatif
279,bangun ikn jalan jual rampung swasta tol,negatif
280,bumi hukum ikn laut milik tanah,negatif
281,ami duduk ikn,negatif
282,banget cuman debat hasil ikn ikn kelas orang,negatif
283,final ikn iya lurah,negatif
284,ikn kota open,negatif
285,akal anggap bilang bilang ikn investor jujur sehat suka,negatif
286,ama bagus bangun ikn ikn linear makan media negara papar perintah,positif
287,antri antri antri bingung ekonomi ikn inden inden investor lipat roket roket roket unit,negatif
288,bangun beliau berat bikin bilang citra habis ikn jebak kelas konstitusi mata menteri misi parah pas perintah program program tutup uang visi wakil,negatif
289,alam biar geliat gula hukum huni ikn ikut semut tikus,negatif
290,cari ikn kerja sensasi tipu,negatif
291,anggar anggota batas bubar dewan fasis hasil hemat ikn jalur ken komisaris kurang miskin orang rawan sodok,negatif
292,cerdas ikn indonesia kota nusantara,negatif
293,bicara hadir hal ikn isi janji janji video,negatif
294,ikn indonesia jadi maju,positif
295,ikn indonesia jadi maju,positif
296,ikn indonesia jadi maju,positif
297,ikn indonesia jadi maju,positif
298,ikn indonesia jadi maju,positif
299,bisa fokus hasrat ikn incar kerja kerja,negatif
300,ama ape embat ibukota ikn model negara status,negatif
301,andil bangun ikn internasional lanjut lembaga,negatif
302,bangun fokus gas ikn sambut tancap,negatif
303,bangun fakta ikn infak masjid pakai uang zakat,negatif
304,ikn open ramai sepi,negatif
305,anak biar ikn istri langsung resiko tau trik tugas,negatif
306,banget bintang cuman emang hotel ikn ikn kerja,negatif
307,emang ikn kerja,negatif
308,capai harta hasil ikn jabat korupsi presiden ribu taksir triliun,negatif
309,adab anak baik bangsa depan didik dunia enak ikn kait moral presiden rusak sekolah suruh ting udel wakil,positif
310,bangkrut ikn negara sekolah uang urgen,negatif
311,efek ikn open ramai sepi,negatif
312,guna ikn kantor presiden resmi sengaja sesuai,negatif
313,ikn ikn mana ratus tanya triliun untung urgensi,negatif
314,bangun ikn tuju,negatif
315,cerdas daya digital dorong global hidup ikn indonesia infrastruktur kembang kualitas kuat layan masyarakat modern publik saing tingkat transportasi,negatif
316,bangsa bangun gotong ikn indonesia kota maju royong semangat simbol transformasi,positif
317,generasi hijau ikn kota lanjut lingkung modern pintar ramah rancang,negatif
318,adil bangun ikn indonesia kota langkah nyata pindah rata sabang wujud,negatif
319,buka ekonomi ikn indonesia investasi kerja nusantara peluang perata,negatif
320,dukung ikn ikn indonesia las las,positif
321,bohong ikn super tetap tinggal,negatif
322,ikn puja sila,negatif
323,ikn puja sila,negatif
324,bangun dukung hijau kota lanjut modern nusantara penuh perintah pusat,positif
325,bangun dukung hijau kota lanjut modern nusantara penuh perintah pusat,positif
326,berani berita berita berita blepot coba ikn ikn jijik jorok kaum kotor lihat lihat malu narasi neng sampai,negatif
327,ekspor ikn kalo,negatif
328,bangga ekonomi giat ikn kasih terima,negatif
329,ekonomi ikn indonesia kota mesin pindah pindah strategi,negatif
330,antre ikn investor kalo masuk,negatif
331,bangun emang ikn tuju utama,negatif
332,ikn kota lendir parah prostitusi sarang serbu,negatif
333,ada bagus bazar buah buah buah ikn ikn musim negara pas raya subur,positif
334,armada cipta curiga emang emang gaduh gang ikn lanjut laut mas pagar pesan rancang reda ribu solo,negatif
335,biar ikn pindah preman,negatif
336,adab bau biar bilang ering fondasi genap ikn kirim kota kota luka negara negara pintar pusat ribu ruang simbol tetap transaksi tubuh tumbuh,negatif
337,biar hibur ikn kuat sepi,negatif
338,fenomena hukum huni ikn ikn marak open picu resah sosial tantang tega,negatif
339,beli daftar hitung ikn investor mending,negatif
340,ikn mas salut taruh tugu,negatif
341,beliau berita hilang ikn kawal lenyap proyek,negatif
342,bengkak gus hutang ikn paksa,negatif
343,ikn jamaah jamaah kali kantor kontraktor orang salah sewa tanah,negatif
344,ama debat ikn ikn ikn misuh orang orang pas wak,negatif
345,laksana proses terbit,negatif
346,ikn jabar pindah seleksi takut tampung,negatif
347,gelap ikn indonesia lolos luka maha penuh,negatif
348,hebat ikn negara sungguh,positif
349,bangun fungsi ikn ikn ikn indonesia kota kota kota mei negara nusantara penuh pindah rencana selesai target timur,negatif
350,ikn pusat untung,negatif
351,ikn keluarga kroni proyek untung,negatif
352,aman angkut biar bikin damai ikn negara negeri puja tenteram,negatif
353,ijazah ikn langkah mati mending remeh,negatif
354,bangun cerita ikn tipu usaha,negatif
355,bual ikn investor jabat juta kasus kerja minat rakyat ratus rumah,negatif
356,capai cerdas garis ikn miskin rakyat turun,negatif
357,cocok ikn warna,negatif
358,adab cermin dengar ikn kadang kesiap kontradiktif masuk moral prioritas satire simbol taruh,negatif
359,diam gagal ikn ikn korup ladang lawak lupa orang ribu triliun,negatif
360,besar candi dunia ikn mana raksasa,negatif
361,ikn lillahi liput masuk mei,negatif
362,apresiasi bikin cemerlang coba harap ide ikn ikut jajal jajal kembali kereta kereta kota kota loh lopor rel rel uji,negatif
363,alhamdulillah bain ikn teman,negatif
364,antri asing duit ikn ikn impor investor investor laku mesin pes ratus ribu saku tani unit,negatif
365,dasar evaluasi fungsi hasil ikn kembali kereta nilai otonom rel sistem temu trem,negatif
366,bangun benci ikn ikn jalan perhati program sayang serang takut,negatif
367,asrama budaya didik ikn jadi pusat,negatif
368,asing asing bilang bohong debat ikn investor investor libas masuk pimpin,negatif
369,alokasi anggar dubes hubung ikn mending program,negatif
370,asli bagus bangun beli daftar dana didik didik fasilitas guru ikn kalo masuk pakai perata prioritas ratus rekrut sekolah sekolah sekolah,positif
371,alam asing bangsa biadab bikin ikn jahat kalo kasih keluarga khianat kolega kubur kubur luas massal moga presiden rampok situ siuman ziarah,negatif
372,bangun cari ekonomi ikn indonesia komitmen konser laku perata perintah sensasi solar tolak,negatif
373,bilang ikn investor,negatif
374,acara bogor bohong bohong ikn istana jalan kau media rekayasa suka tahu tim tipu tipu,negatif
375,bikin boros ikn program tau,negatif
376,ikn kabar kabar kek tengah weh,negatif
377,emang ganggu ikn juta kerja lancar lapang nyata,negatif
378,ikn ikn ikn kah kota liat logis merta perata titik,negatif
379,bagus bareng dukung gantung ikn,positif
380,anda arsitek bangga beliau bikin hidup ijazah ikn jurus kampus kayu kuliah,negatif
381,beliau besar coba coba ikn ikn kena kendara kota kota lihat lihat man modern pegang percaya pribadi rancang rumput trotoar trotoar,negatif
382,asli bang bukti bukti ijazah ikn investor kantong manusia omong palsu palsu palsu pegang pes repot tuduh unit,negatif
383,ikn ikn kak kayak kunjung,negatif
384,cenderung goyang henti ikn kangkang kasar kelas main otoritas palsu panik panik pimpin polemik presiden tinggi wajar,negatif
385,bagus ikn kak,positif
386,aplikasi bagi beli ikn negara pos sumber tuju uang,negatif
387,bakar culik ikn,negatif
388,ikn mantap solo tinggal,negatif
389,anak bohong debat ikn investor satu,negatif
390,dungu ikn kau puja triliun,negatif
391,alam alias coba gin ikn kembali kondisi kuat kuat nama om paham rendah uji,negatif
392,air beli daerah ikn sekitar,negatif
393,bijak budaya egois ikn mufakat musyawarah proyek,negatif
394,bangun ikn kodok maksiat raja tebar,negatif
395,duduk ikn kota tau,negatif
396,ikn insentif kait kerja khusus komisi kota menteri nusantara pan pindah pindah rapat rencana,negatif
397,gede ikn main,negatif
398,ikn investor kek lanjut rezim,negatif
399,bang buaya ikn,negatif
400,bohong bohong fasih ikn investor jago kalo liat,negatif
401,ibukota ikn kakak mosok,negatif
402,anut berat gelap gemerlap ikn indonesia kecewa maki semarak,negatif
403,cepat hutang ijazah ikn impor kereta,negatif
404,hati ikn kasus kau komentar kritik obyektif orang simpul suku,negatif
405,ambil andil bangsa bukti fakta hukum ikn koruptor laut manja mat nasib oligarki pagar pelihara putus rampas,negatif
406,aku bohong bohong bohong bohong bohong bohong bohong buka cari halal ikn indonesia kuat maaf pintu rakyat sadar tobat tuhan,negatif
407,buat ikn luah lulus percaya ragu upil,negatif
408,ato banget baru beliau hobi ijazah ikn isu isu jalan panas riding situ tanya vasektomi,negatif
409,bikin butuh harga ikn sekolah,negatif
410,baik camat dana desa ikn jalan proyek ratus,positif
411,bela ikn ikn ikn kota minggu suruh,negatif
412,anak antri bual ikn investor otak percaya tolol,negatif
413,dok kunyah telan,negatif
414,gelar hut ikn media nusantara riah,negatif
415,hantu ikn kah,negatif
416,ikn kontraktor langgan proyek staf tukang,negatif
417,ikn kota remeh,negatif
418,acara ikn khusus malam panitia pasar pulang selesai,negatif
419,ikn kereta rel,negatif
420,ikn kirim kocak pawang,negatif
421,alih efisiensi ibukota ikn negara,negatif
422,alih asai ikn ikn jadi jadi judi kecoh maksiat pusat,negatif
423,bang banget bangun bela ikn kali kota mati miring niat tipu untung,negatif
424,ijazah ikn kali kali kali kota lipat lipat lipat maju negara negara pikir pikir pinjam presisi ribu selenggara situ tunggu untung untung untung,positif
425,alas biar ikn kemarin ketiban master mutasi oke pindah salah,negatif
426,bangun ikn indonesia maju nusantara,positif
427,bangun ikn indonesia maju nusantara,positif
428,bangun ikn indonesia maju nusantara,positif
429,bangun ikn indonesia maju nusantara,positif
430,bangun ikn indonesia maju nusantara,positif
431,bangun ikn indonesia maju nusantara,positif
432,bawa bet eksklusif emang galau ikn info jabar ketat mutasi mutasi orang peluang pindah salah,negatif
433,ikn investasi konglomerat,negatif
434,filosofi ikn logo makna,negatif
435,ikn investasi investor nusantara,negatif
436,alokasi bangun ikn nusantara prioritas tahap,negatif
437,bangun ikn pilih renovasi sekolah,negatif
438,dukung forum garis ikn lanjut poin solo tanding,positif
439,efek ikn kena kurung,negatif
440,gagal ikn imbas kembali kereta nilai operasi otonom rel transit,negatif
441,gagal ikn imbas kembali kereta nilai operasi otonom rel transit,negatif
442,asa ikn lele,negatif
443,bangun dana hasil ikn ikn jadi jual kalajengking kalajengking komentar racun terna tuju,negatif
444,ikn ikn kabupaten kawasan kian kota marak najam nusantara pamong paser polisi praja praktik prostitusi sarang satu utara,negatif
445,ikn raja sosok tunggu,negatif
446,ikn loh prostitusi,negatif
447,ikn ikn kembali kembali kereta kereta kota lapor mudik nusantara rel rel transit unit,negatif
448,bangun ikn renovasi sekolah triliun,negatif
449,anak banteng dungu ikn jilat serta suami wujud wujud,negatif
450,bangun beres henti ikn,negatif
451,bangun garap ikn investor kota negara nusantara partisipasi proyek tarik,negatif
452,gin harga ikn patung,negatif
453,bayar ikn koh,negatif
454,bagus bikin cabut dukung fokus ikn konstitusional kuasa makzul masalah negara poin sisa stop tabu tambang,positif
455,barang bayar bayar berkah bukti cat cat cerita ikn ikn ikn kuasa nama pasok pasok pasok pilih potret takut usaha,negatif
456,ikn loncat moga purnawaktu selamat,negatif
457,bangun cipta dukung ikn ikn impi indonesia indonesia maju mari negara nusantara nusantara wujud,positif
458,bangun biaya emang etika ikn kuasa logika logika muka muncul pakai pakai sama,negatif
459,anak bawah capek doang dolar ekonomi hutang ikn investor jabat kuasa mobil mulut over politik politik rangkap roket tarik tolak uang,negatif
460,asing dana genjot ikn kapasitas kelola profesionalisme,negatif
461,asing dana genjot ikn kapasitas kelola profesionalisme,negatif
462,asing dana genjot ikn kapasitas kelola profesionalisme,negatif
463,adab geografis ikn nol simbol titik tugu,negatif
464,bela bumerang buta dukung ikn insan manipulasi mati media peran pura rakyat rampok rezim sadar terima tipu total tuli uang,positif
465,ajar didik dikit duit gada guna ikn interaktif jalan mending murah murah proyektor proyektor ujung,negatif
466,alas biaya biaya biaya hari ikn informasi janji kereta maaf publik rahasia salah sedia sewa sewa sewa tinggi,negatif
467,anjing bangun biar gonggong kafilah,negatif
468,ikn mobil om properti salah,negatif
469,bohong ikn kembali kereta proyek rel tampar,negatif
470,anak aplikasi bapak ikn properti,negatif
471,bela bohong bohong bohong contoh gin ikn investor produksi unit,negatif
472,huni ikn sosok,negatif
473,belok ikn jujur kanan kiri nafas orang otak percaya sein somplak tenggorok,negatif
474,bangun ikn tolol,negatif
475,barangkali beli celaka coba coba dasar evaluasi ikn ikn ikn kalo kelak menteri nilai optimal takut tawar terbang tuju uji uji usaha,negatif
476,ganti ikn jaka luas tanah,negatif
477,administratif alam bangun ikn indonesia kota kota nusantara representasi selaras visi,negatif
478,alam bangun contoh dukung hidup hijau ikn jaga konsep kota lanjut teknologi,positif
479,bangsa buka daerah daya ekonomi emas generasi gerak ikn kerja konstruksi lokal peluang ribu sempat teknologi tenaga,negatif
480,akses bangun daerah ekonomi gerak ikn indonesia infrastruktur konkret langkah perata pusat wujud,negatif
481,cerdas ikn indonesia indonesia kota kota lanjut lingkung maju negara nusantara nyata pindah ramah rancang simbol transformasi wujud,positif
482,angin buang dan ikn koar rel surga,negatif
483,aplikasi bagi harga ikn lonjak pos potensi pulih sinyal sumber,negatif
484,asa ikn negeri,negatif
485,ajang bahas emang gaung ikn kampanye kasi lanjut orang orang simpang siur,negatif
486,aplikasi bagi catat ikn internasional laman pos sejarah sumber,negatif
487,aplikasi bagi bongkar ikn pos sumber transaksi,negatif
488,belah belah ekonomi hutang ikn rakyat roket ubah,negatif
489,hak ikn kembali kereta milik rel,negatif
490,ikn kereta masalah terus,negatif
491,bangun beda belakang bilang butuh depan gantung ikn investor jaga konsultan manggung pas presiden putus,negatif
492,alam bikin bilang duit ikn imbas instansi kata kena konstitusi korup lembar lembar maaf maaf mantu marut negara rakyat rusak,negatif
493,beres emang emas ida ikn indonesia investor jalan kereta kunjung nol ratus rel sana titik,negatif
494,emas ikn indonesia nol titik,negatif
495,ayah bentar bubu ikn kah kah,negatif
496,bangun biar gusur ikn indonesia kalo kota kota sumpek tata tata,negatif
497,bikin cerita ikn kantong panik,negatif
498,bangun bengkalai dukung hidup ijazah ikn jangka keluarga ramai respek timbang tuju tuju,positif
499,antri cepat ikn investor karma kereta,negatif
500,bohong emas ikn indonesia investor kemarin kereta mandek nol nyata penuh pinjam punya ratus rel titik yakin,negatif
501,ati ikn suara,negatif
502,biar efisiensi hambur ikn istana iya logis uang,negatif
503,coba ikn mending rel rugi tau uji,negatif
504,akademik duit final gelar harga hilang ijazah ikn investor lapor masyarakat mobil percaya periode presiden produksi proyek sempat sertifikat triliun,negatif
505,abis bayang bikin bunuh gugur ikn jamin korup korupsi koruptor koruptor kota makmur miskin negara negara rugi tumbuh utama,negatif
506,bangsat ikn jalan jelek kontol negara,negatif
507,bodoh dasar dukung ikn manusia sembah tipu tukang,positif
508,ikn ikn ikn kereta,negatif
509,bohong ikn indonesia kalo kereta nama rakyat rel rental terbang wujud,negatif
510,anjir bawa bubar cuman ikn ikn kereta operasi rel,negatif
511,fungsi ikn pajang,negatif
512,ambil bani cebong cebong cebong coba dana dana emang ikn kaum kesitu otak pajak pakai rakyat rakyat rugi ternak uang uji,negatif
513,cina ikn jajah lahan sabot terima tolak,negatif
514,ikn kereta optimal optimal,negatif
515,brosur gagal gin ide ide ikn kalo kek korup kritik mah nihil realisasi realisasi redam solusi teknologi,negatif
516,futuristik gonggong ikn kemarin kereta kurap,negatif
517,bayar bayar cek coba ikn kerja proyek stop,negatif
518,akal alas barang cina coba fungsi hasil ikn jujur kembali kirim layak mahal masuk rezim sistem tunjuk uji uji,negatif
519,biar buka buka buka buta cek dungu dunia fakta haji hati ikn istana korup korupsi kosong kroni mata telinga tetap tokoh tuli,negatif
520,bacot bikin gaduh ikn jalan pintar sok,negatif
521,bohong ikn investor nikmat,negatif
522,hal harap ikn lihat milik mobil terbang tujuh tujuh,negatif
523,amburadul anggar cabut ikn racun siswa tolol,negatif
524,ikn liat taksi terbang,negatif
525,berita ikn kembali kereta rel tinggal,negatif
526,anggar buah gagal ikn ikn ikn jangan kabar kembali kereta kereta ojek pinjam rel sensor taksi triliun udara,negatif
527,eskalasi ikn indonesia indonesia indonesia kelola komitmen korban lelaki oleh perkosa relasi,negatif
528,ikn pantai ratu,negatif
529,ijazah ikn ikn serius singkat singkat,negatif
530,aset aset ganti ikn indonesia indonesia internasional korban lelaki mahkamah milik oleh perkosa rugi timur vonis wanita,negatif
531,benar fakta gemuruh ikn ikn jalan kereta lantang lantang media pulang rel serta sosial suara suara ternak tipu,negatif
532,basmi biar butuh efisiensi ekonomi gagas ikn investor korupsi makro oke racun,negatif
533,antri asing ikn investor ribu,negatif
534,antri asing asing bilang ikn ikn investor investor kayak klaim lihat luas masuk pandang sektor sudut tajam tarik telekomunikasi,negatif
535,antri asing bohong ikn investor masuk,negatif
536,buka ikn istana khusus merdeka teknisi,negatif
537,aplikasi bagi dompet ikn migrasi mudah pos sumber tunggu,negatif
538,aplikasi bagi dompet ikn migrasi mudah pos sumber tunggu,negatif
539,antri ikn investor pes sebar unit,negatif
540,baik bikin ganggu gaya ikn indonesia investor investor investor limpah mandalika mati mati mudah singkir,positif
541,ikn plot sayang tulis,negatif
542,fakta gilir ikn ilmiah investor kasih kereta masuk pes rel skripsi terbang tolak,negatif
543,bangsat biar coba ikn ikn investor kagum kagum kereta licik percaya rel transportasi uji,negatif
544,banding bangun bangun beli golong ikn indonesia infrastruktur juta mobil rata unit unit,negatif
545,ekonomi harap ikn indonesia perata simbol,negatif
546,ekonomi harap ikn indonesia perata simbol,negatif
547,ikn mandek sibuk tugu,negatif
548,bohong ikn indonesia investor lapor mobil publik rakyat,negatif
549,antar ikn kembali kereta rel tani traktor,negatif
550,dana ikn itu korup sekolah,negatif
551,april bangun bikin data emang ikn ikn langsung lihat maju maret mata melotot percaya,positif
552,ape ikn ikn kalo kate maju maju per,positif
553,ajar bawa beli canggih coba curi harta ikn labrak lupa negara perintah pribadi sekali uang,negatif
554,antri asing bahasa ikn investor,negatif
555,bawah beasiswa buang detail didik duit harus ikn inti kerja kualitas lapang pakai perata proyek rakyat signifikan tau tengah tingkat tingkat,negatif
556,alat artis hambur ikn ikn kembali main pesta sirkus sirkus sirkus,negatif
557,guru hadiah hasil ikn indonesia indonesia iya iya kerja kerja mata nikmat picing rakyat rakyat triliun urus,negatif
558,ali awi benar coba coba deputi fungsi hasil ikn ikn kembali kembali kereta kereta optimal otonom rel sesuai sistem tonton uji uji video,negatif
559,ikn kah ketemu tanda,negatif
560,dahulu ikn investor masuk suka,negatif
561,audit ikn periksa proyek,negatif
562,bang ikn karma kritik langsung,negatif
563,audit batal ikn,negatif
564,agustus ikn lihat presiden upacara,negatif
565,ikn sosok tunggu,negatif
566,bareng ikn kerja kompas kota optimis,negatif
567,ali aplikasi armada awi baik biar bilang bus deputi fokus gampang ikn ikn kirim listrik listrik pesan sepeda taksi teknologi terbang warga,positif
568,agustus buat coba gagal gas ikn jalan kembali kereta kota nusantara oktober otomatis rel uji uji,negatif
569,bahan ijazah ikn isu isu kritik mas palsu receh substansial suka tuju,negatif
570,bikin film ikn,negatif
571,bikin candi ikn,negatif
572,bawa cak ikn pilih silah solo,negatif
573,balas banget bangun dasar fasilitas ibukota ikn jasa jual kantor kawasan milik milik murah nafsu negara negara oligarki operasional pindah tanah tri,negatif
574,isi main mang manggung sirkus,negatif
575,alas beli beli ikn jalan jalan siap,negatif
576,citra ikn kembali kereta pandang politik rel,negatif
577,dana ikn kaya nilai nol ucap,negatif
578,buka ikn janji juta kerja lapang sesuai,negatif
579,angkut biaya cina cina doang ikn ikn tanggung,negatif
580,gedung ikn pojok,negatif
581,aplikasi bagi belanja ikn kartu pos sumber visa,negatif
582,aplikasi bagi dampak harga ikn juta lepas pos prediksi sumber,negatif
583,cepat gantung ikn jelata prioritas rakyat stop stop,negatif
584,buka ikn janji kerja kerja lapang lapang,negatif
585,cocok contoh henti ikn lanjut proyek studi untung,negatif
586,asam bekal darurat ikn keliling mabuk mobil sulfat tolol,negatif
587,huni ikn jalan kuyang wujud,negatif
588,ikn jalan kereta open penuh rel transaksi tumpang,negatif
589,baik baik butuh gizi gratis ikn jabat jalan kah kebut laksana lintas makan pasti program sekolah serius,positif
590,banget gin ikn kalo kalo kembang konser konser liat liat matang,negatif
591,emang ikn ikn jabat misi,negatif
592,bawa coba coba fasilitas ikn ikn niat pabrikan pulang selesai uji uji wajar,negatif
593,bang bang fakta ikn investor jelas masuk negara,negatif
594,ikn kabar kak senyap tolong,negatif
595,bohong ikn takut video,negatif
596,bohong boros ikn luas manfaat masyarakat matahari proyek,negatif
597,akut amanah didik garis ikn ikn ikn kampanye kuasa lupa lupa miskin miskin nelayan perhati rakyat sektor sibuk tani,negatif
598,ada anggar buru duit ikn negara peduli pola proyek proyek tarik,negatif
599,bohong ikn takut video,negatif
600,didik ikn investor jasa patra pelopor,negatif
601,ikn indonesia jam misteri misteri timur ukur,negatif
602,ikn kota modern,negatif
603,bangun ikn lanjut,negatif
604,bangun ikn lanjut,negatif
605,ikn kota modern,negatif
606,habis ikn jalan singkat triliun,negatif
607,duit ikn wajar,negatif
608,ada barang beli beli cocok cocok ikn milik pabrik pinjam produk produk produk pulang unit,negatif
609,bangun bikin bikin didik fakir gilir ikn miskin parameter perintah program proyek pusat sakti situ,negatif
610,bangun dukung hijau kota lanjut modern nusantara penuh perintah pusat,positif
611,bangun dukung hijau kota lanjut modern nusantara penuh perintah pusat,positif
612,asin bungkus ikn,negatif
613,agustus coba ikn kamis kembali kembali kereta kota nusantara rel resmi sedia uji unit usaha,negatif
614,bangun ikn nasional perata wujud,negatif
615,asing cipta ikn inovasi investor kolaborasi sambut,negatif
616,air antar gelar ikn kelas kota peka,negatif
617,bis hutang ikn kereta,negatif
618,coba datang datang ikn indonesia pakai promosi rangka sengaja uji,negatif
619,ama bagus beli hidup ikn infrastruktur istana kalo koar koar komunikasi komunikasi lewat mampu mulia munafik munafik ngapain rakyat saat sadar seh warga,positif
620,aku biji ikn kapal kirim kirim mobil mobil muncul nama nama negeri stiker,negatif
621,alur bikin bikin campur candi ikn isi,negatif
622,babi babi biar ikn muka muka puja puji seman suka,negatif
623,bangun coba gratis ikn jajal jalan jalur khusus perintah pinjam transportasi uji,negatif
624,berita ikn ikn investor investor kembang,negatif
625,hapus ikn kau kau patut sangka somplak tom,negatif
626,akar bangsa budaya cermin cermin ikn ikn indonesia jati kaya konsep nama nusantara satu semangat,negatif
627,bangun bersih hijau ikn ikn indonesia komitmen konsep kota lestari lingkung ramah simbol,negatif
628,adil bangun dorong ekonomi hadir ikn kota pindah pusat rata sebar tumbuh,negatif
629,bangun ikn indonesia kota langkah lanjut modern rata strategis,negatif
630,dah ikn ikn proyek suram,negatif
631,hutan ikn mistis,negatif
632,hutan ikn mana pohon,negatif
633,bangun garuda gedung ikn jin simetris,negatif
634,antri ijazah ikn investor mudah rampung,negatif
635,ikn kerja lapang untuk,negatif
636,ikn kerja lap open salah,negatif
637,berita cuat ikn kalo laku laut logika mas pagar seru simpel,negatif
638,ikn jalan kembali kereta rel,negatif
639,banget bijak bikin bikin dukung gambar gerbong hasil ikn kalo kalo kalo kau kaya keren mah mas mual pola rumus rusak sumpah,positif
640,bawa calo calo emang hal ikn investor jajah negara silah tanah tanah tawar,negatif
641,ikn investor isi ratus siluman trauma,negatif
642,bengkalai contoh dunia ikn konteks konteks media orang sembarang sesuai tafsir tanda tingkat,negatif
643,bandara ikn jalur,negatif
644,ajaib antre banyak bodong ikn ikn investor kantong manusia negara percaya tau utang,negatif
645,bang gembor gratis ikn makan mana,negatif
646,alih ambil asli benci dekan emang hilir ikn jalan kampus kerja mana minyak nyata obat rakyat rasa rekan rektor sampean sawit tambang teman valid,negatif
647,adil bukti cari damai hancur ikn indonesia indonesia janji libat makmur moga nasib orang orang penjara sumber tepat,negatif
648,ikn loh rata,negatif
649,bilang bobrok emang idiot ikn kritis liat masyarakat mobil negara omong pikir sempurna sempurna,negatif
650,banget ikn mending ribu ribut,negatif
651,ekonomi hasil ikn investor kerja mobil ribu roket triliun unit,negatif
652,guru ikn malu malu pas rasa salah untung,negatif
653,ikn kim selamat tiket,negatif
654,belok ikn ketemu lempeng lihat lihat lihat lupa lupa mampir mercusuar program,negatif
655,bangun bayar fasilitas festival ikn indonesia kota mahal maju pajak pas rakyat rakyat suruh,positif
656,asing bangun bohong dana dana fakta ikn inden investor kantong kantong lugu mobil ragu sederhana unit,negatif
657,bangun daftar dana ikn inden investor kantong map mobil,negatif
658,bangun butuh ego ikn kepala muas penuh rakyat,negatif
659,bandara ikn operasional proyek tunggu tuntas,negatif
660,bangun bin bin ikn juni kantor kantor kantor lokasi modular modular permanen pindah susul,negatif
661,area bayar buat celeng cuman doang enggan hutan ikn kas kelas keren keren masuk negara pajang sewa sewa solo uang,negatif
662,bangun cepat didik ikn pindah sektor,negatif
663,bin huni ikn juni kantor pegawai pindah,negatif
664,cuman gas ikn keluarga kerja orang tambang wilayah wilayah,negatif
665,emas generasi ikn juta kerja lapang mending open,negatif
666,banjir final ikn investor kantong mobil pes teladan unit,negatif
667,era ikn kereta moga rel sadar sadar,negatif
668,anak anak anak bilang dah hamil ikn kena kerja lonte lonte nikah paman proyek pulang pulang sekarat tahu tante tumor,negatif
669,apes ikn kembali kereta kota nusantara otonom rel transit,negatif
670,bangun ikn kerja konstruksi situ tulis,negatif
671,ama anjir aven buka dikit distrik hutan ikn judi kasino lampu merah,negatif
672,bangun gas gerbang ikn kilang konstruksi libat lokasi muncul muncul paket proyek proyek proyek remang sekitar sekitar warung,negatif
673,astagfirullah ikn langgan,negatif
674,bangun ikn lepas mahal panel pantai solar,negatif
675,bangun benah ikn kota pilih,negatif
676,ambil biar bikin bilang buru cair dana gampang gede hantu ibukota ibukota ikn kaya ken korupsi lengser pas putus,negatif
677,ambisi domino efek ikn jalan kantor kantor karat kosong kota kursi mayor omong orang pindah pos tipu,negatif
678,allah anak bangsa hasil ikn indonesia kreativitas masya,negatif
679,ikn jalan jalan,negatif
680,ikn istana jemput kampus misi putri rahasia start tuan,negatif
681,berita ekonomi ikn kerja konstruksi lapor lokal peluang prostitusi proyek seks tangan usaha,negatif
682,asli berita berita dana edit haji ikn judul judul lanjut pakai,negatif
683,akibat berat butuh gantung ikn iman kalo kerja kuat lepas orang otak,negatif
684,butuh ikn langgan,negatif
685,banyak bikin dana fokus ikn keluar perintah presiden,negatif
686,brilian ide ikn internasional investor judi kunjung lendir lokal nasional otomatis strategi,negatif
687,asli banget belantara duduk ekonomi hukum hutan ikn pikir sana sosiologi struktural,negatif
688,ikn panggung tema,negatif
689,ikn minat solusi,negatif
690,aplikasi bagi era ikn pos sumber,negatif
691,aplikasi bagi ikn juta konten pos selamat sumber verifikasi,negatif
692,benar bohong harus haus ikn jabat juang kalah korupsi laut lihat negara pagar pakta tonggak,negatif
693,berita fungsi halo ikn mas ramai,negatif
694,berisik ikn ikn om orang panel sayang solar,negatif
695,dana ikn kabar kerja loh stop,negatif
696,bangga ikn kembali salah,negatif
697,dana dunia hijau ikn kota miliar pinjam potensi suntik,negatif
698,bangun ikn stadion utang,negatif
699,betah biar ikn ogah pas pindah tri,negatif
700,argumen ikn indonesia indonesia kualitas luas rendah tempat timur tinggal,negatif
701,buat coba coba evaluasi hasil ikn ikn janji kembali kembali rel sebut sempurna teknologi trem trem uji uji,negatif
702,dana dunia hijau ikn kota miliar pinjam potensi suntik,negatif
703,bukit cerita ikn ikn ikn ketat konsumen pusat pusat ramai rintik tetap,negatif
704,bangun ekonomi ikn nasional transformasi wujud,negatif
705,ekonomi ikn magnet nusantara tumbuh,negatif
706,ali beda bidan dua entitas gubernur hidup ikn jaman kumpul lacur lacur lahir populer puisi puisi satu tuju,negatif
707,bangun ikn jasa kerja lapang mas minimal segi sia sia,negatif
708,cari ikn investor jongos politik,negatif
709,bambang ikn main nyaman penak,negatif
710,biar hibur ikn kabar piknik suruh,negatif
711,ikn indonesia maju,positif
712,ikn indonesia maju,positif
713,ikn indonesia maju,positif
714,ijazah ikn lucu palsu,negatif
715,atur data daulat digital ikn kalah koloni kota monumen pasar pintar talenta,negatif
716,heboh ikn perintah prostitusi tanggap,negatif
717,ampas aset cepat ikn kalah,negatif
718,butuh duit gunung ikn ikn indah pinjam ratus utang,positif
719,ekonomi ganyang ibukota ikn lancar,negatif
720,dukung ikn nusantara,positif
721,dukung ikn nusantara,positif
722,dukung ikn nusantara,positif
723,cerah ikn investor mohon reputasi sekian,negatif
724,hadir ikn internasional kampus murid sekolah,negatif
725,emang ikn investor klien sepi,negatif
726,banyak guna hidup hidup hidup hidup ikn keliling manfaat mobil sok,negatif
727,aplikasi berita dasar gencar ikn kerja lapor lokal najam paser prostitusi sebut seks tangkap utara,negatif
728,ikn indonesia patung,negatif
729,ikn keliling mobil,negatif
730,besar cur ibukota ikn,negatif
731,ikn lendir wisata,negatif
732,air bagus bangun bikin bilang buka doi ikn mending panti sono susah telat,positif
733,bangun garap ikn investor kota negara nusantara partisipasi proyek tarik,negatif
734,coba ikn menteri negosiasi sang sori sori terbang,negatif
735,bangun ikn keluh pesat tingkat,negatif
736,belah gedung ikn tugu,negatif
737,ikn ikn lonte lonte pindah,negatif
738,bal ikn kah,negatif
739,ambil balik bangun bangun bangun bara batu buka dasar diam dungu gilir gilir ikn kah kerja klaim lapang orang pas perang,negatif
740,bangga dungu ikn,negatif
741,balik bangun bangun bangun bara batu buka dasar diam dungu gilir gilir ikn kah kerja lapang orang orang pas perang,negatif
742,ikn kayak oke tugu,negatif
743,ikn makan warga,negatif
744,bangun bar bordil cepat gerogot hibur hibur ikn ikn ikn jadi jamin judi kasino langsung las legal mandiri milik pusat pusat raksasa rumah rumah,negatif
745,aneksasi banjar ikn indonesia isyarat lawan melayu merdeka milik rakyat tahan tolak,negatif
746,bangga ikn jelas kereta rel,negatif
747,biar ikn jam nyala,negatif
748,ikn kira langgan loh orang sana sana sepi,negatif
749,beda cocok ikn mas prinsip rel,negatif
750,ikn kek tar versi,negatif
751,ikn pindah wakil,negatif
752,coba ikn kembali kereta rel uji,negatif
753,ikn khas makan,negatif
754,ikn orang pikir,negatif
755,ikn industri kunjung pas pulang,negatif
756,banget bikin ikn ngebet,negatif
757,bisnis ikn jok,negatif
758,beli bisnis ikn jual lahan subur,negatif
759,ikn merana moga tarik,negatif
760,ikn kerja lapang,negatif
761,awat biaya dana ikn ikn kalo kasih miris,negatif
762,bangun ikn suruh tanggung,negatif
763,aspal bisnis gratifikasi hiruk ijazah ikn istri kabar kabar kacau libat mantu mantu penuh sang tambang tenggelam,negatif
764,dewi ikn open sosok tunggu,negatif
765,emang ikn inap jajan kak kerja kerja pas proyek suka taun tim,negatif
766,bijak didik ikn insentif jamin keluarga layak pindah pusat risau sehat,negatif
767,hantu ikn mal ringan,negatif
768,biaya bikin ikn miris sono,negatif
769,ikn iman kalo lemah pindah takut,negatif
770,butuh ikn organik pindah,negatif
771,daerah ikn kudu negara,negatif
772,biar dukung dukung ikn putar uang,positif
773,ikn kerja lanjut proyek,negatif
774,ikn judi kalo kasino prostitusi pusat ubah,negatif
775,babi dosa dosa ikn indonesia makan orang semangat,negatif
